Размещение выполняется по;Реестровый номер закупки (заказа);Способ размещения закупки (заказа)\определения поставщика;Наименование заказа\закупки;Номер лота;Наименование лота;Начальная (максимальная) цена контракта (лота)\договора;Код валюты;Классификация по ОКДП;Классификация по ОКПД;Классификация по ОКПД2;Организация, размещающая заказ;Дата размещения;Дата последнего события;Этап закупки (размещения заказа);Особенности размещения заказа\ Преимущества (44);Дата начала подачи заявок;Дата окончания подачи заявок
№ 44-ФЗ;№0165300003416000001;Запрос котировок;Поставка светодиодных панелей для нужд Администрации Колпашевского городского поселения;;;171695.44;RUB;;;27.40.2: Светильники и осветительные устройства;АДМИНИСТРАЦИЯ КОЛПАШЕВСКОГО ГОРОДСКОГО ПОСЕЛЕНИЯ;01.02.2016;01.02.2016;Подача заявок;Субъектам малого предпринимательства и социально ориентированным некоммерческим организациям (в соответствии со Статьей 30 Федерального закона № 44-ФЗ);01.02.2016;08.02.2016
№ 44-ФЗ;№0120300001716000057;Электронный аукцион;Поставка крупяной и бакалейной продукции;;;945528.63;RUB;;;10.61.32.113: Крупа гречневая10.73.11.110: Макароны10.61.31.120: Мука грубого помола из пшеницы10.61.31.110: Крупа из пшеницы10.84.23.120: Пряности обработанные прочие10.82.13.000: Порошок какао без добавок сахара или других подслащивающих веществ10.84.23.120: Пряности обработанные прочие10.61.32.114: Пшено10.62.11.110: Крахмалы10.84.23.120: Пряности обработанные прочие10.82.22.139: Конфеты шоколадные, не включенные в другие группировки, прочие10.41.54.000: Масло подсолнечное и его фракции рафинированные, но не подвергнутые химической модификации10.61.12.000: Рис полуобрушенный или полностью обрушенный, или дробленый01.11.75.110: Зерно гороха10.89.19.290: Продукты пищевые прочие, не включенные в другие группировки10.82.23.170: Мармелад10.61.21.000: Мука пшеничная и пшенично-ржаная10.61.32.116: Крупа перловая10.83.12.110: Заменители кофе10.83.13.120: Чай черный (ферментированный) в упаковках массой не более 3 кг10.84.30.130: Соль пищевая поваренная йодированная10.61.33.111: Зерна овса плющеные или переработанные в хлопья10.61.32.115: Крупа ячневая10.84.23.120: Пряности обработанные прочие10.84.30.140: Соль пищевая молотая;администрация городского округа ЗАТО город Фокино;01.02.2016;01.02.2016;Подача заявок;Субъектам малого предпринимательства и социально ориентированным некоммерческим организациям (в соответствии со Статьей 30 Федерального закона № 44-ФЗ);01.02.2016;09.02.2016
№ 44-ФЗ;№0139300018716000005;Конкурс для заключения энергосервисного контракта;Выполнение работ( действий), направленных на энергосбережение и повышение энергетической эффективности использования электрической энергии на объекте« Система уличного освещения( безучетные светильники) г. Тайга Кемеровской области;;;2864066.93;RUB;;;43.21.10.210: Работы по установке приборов учета расхода электроэнергии;АДМИНИСТРАЦИЯ ТАЙГИНСКОГО ГОРОДСКОГО ОКРУГА;01.02.2016;01.02.2016;Подача заявок;;02.02.2016;22.02.2016
№ 44-ФЗ;№0187300004616000001;Запрос котировок;Поставка  светодиодных накладных и встраиваемых светильников для нужд администрации Советского района;;;45081.60;RUB;;;27.40.39.110: Светильники прочие, не включенные в другие группировки;АДМИНИСТРАЦИЯ СОВЕТСКОГО РАЙОНА;01.02.2016;01.02.2016;Подача заявок;Участникам, заявки или окончательные предложения которых содержат предложения о поставке товаров в соответствии с приказом Минэкономразвития России № 155 от 25.03.2014 - 15%;01.02.2016;08.02.2016
№ 44-ФЗ;№0351300298816000009;Электронный аукцион;Выполнение работ по текущему содержанию улиц поселков: Новый, Светлый, Речкуновка города Бердска;;;540000.00;RUB;;;81.29.19.000: Услуги по чистке и уборке прочие, не включенные в другие группировки;"МУНИЦИПАЛЬНОЕ БЮДЖЕТНОЕ УЧРЕЖДЕНИЕ ""ЦЕНТР МУНИЦИПАЛЬНЫХ УСЛУГ Г. БЕРДСКА""";01.02.2016;01.02.2016;Подача заявок;Субъектам малого предпринимательства и социально ориентированным некоммерческим организациям (в соответствии со Статьей 30 Федерального закона № 44-ФЗ);01.02.2016;09.02.2016
№ 44-ФЗ;№0361300004616000032;Электронный аукцион;"Закупка цветного светодиодного экрана для МБУК РДК ""Октябрь"" УМР";;;3603616.00;RUB;;;26.70.17.150: Экраны проекционные;АДМИНИСТРАЦИЯ УГЛЕГОРСКОГО МУНИЦИПАЛЬНОГО РАЙОНА;01.02.2016;01.02.2016;Подача заявок;Субъектам малого предпринимательства и социально ориентированным некоммерческим организациям (в соответствии со Статьей 30 Федерального закона № 44-ФЗ);01.02.2016;17.02.2016
№ 223-ФЗ;№31603265325;Открытый запрос коммерческих предложений;Метрологические услуги по проверке средств изменений Светлинской ГЭС и ПС «Районная» ;1;Метрологические услуги поверка средств измерений Светлинской ГЭС и ПС Районная;507400.00;RUB;;;;"Открытое акционерное общество ""Вилюйская ГЭС-3""";01.02.2016;01.02.2016;Подача заявок;;01.02.2016;
№ 44-ФЗ;№0113200000116000022;Электронный аукцион; №15-06/124-16 работы по техническому обслуживанию эндоскопического оборудования, процессорных блоков, осветителей к эндоскопическому оборудованию с заменой запасных частей ;;;2272788.44;RUB;;;26.70.25.000: Части и принадлежности устройств на жидких кристаллах, лазеров (кроме лазерных диодов), прочих оптических приборов и инструментов, не включенных в другие группировки26.70.25.000: Части и принадлежности устройств на жидких кристаллах, лазеров (кроме лазерных диодов), прочих оптических приборов и инструментов, не включенных в другие группировки20.59.41.000: Материалы смазочные26.70.25.000: Части и принадлежности устройств на жидких кристаллах, лазеров (кроме лазерных диодов), прочих оптических приборов и инструментов, не включенных в другие группировки26.70.25.000: Части и принадлежности устройств на жидких кристаллах, лазеров (кроме лазерных диодов), прочих оптических приборов и инструментов, не включенных в другие группировки26.70.25.000: Части и принадлежности устройств на жидких кристаллах, лазеров (кроме лазерных диодов), прочих оптических приборов и инструментов, не включенных в другие группировки26.70.25.000: Части и принадлежности устройств на жидких кристаллах, лазеров (кроме лазерных диодов), прочих оптических приборов и инструментов, не включенных в другие группировки33.13.12.000: Услуги по ремонту и техническому обслуживанию облучающего, электрического диагностического и электрического терапевтического оборудования, применяемого в медицинских целях26.70.25.000: Части и принадлежности устройств на жидких кристаллах, лазеров (кроме лазерных диодов), прочих оптических приборов и инструментов, не включенных в другие группировки26.70.25.000: Части и принадлежности устройств на жидких кристаллах, лазеров (кроме лазерных диодов), прочих оптических приборов и инструментов, не включенных в другие группировки26.70.25.000: Части и принадлежности устройств на жидких кристаллах, лазеров (кроме лазерных диодов), прочих оптических приборов и инструментов, не включенных в другие группировки26.70.25.000: Части и принадлежности устройств на жидких кристаллах, лазеров (кроме лазерных диодов), прочих оптических приборов и инструментов, не включенных в другие группировки26.70.25.000: Части и принадлежности устройств на жидких кристаллах, лазеров (кроме лазерных диодов), прочих оптических приборов и инструментов, не включенных в другие группировки26.70.25.000: Части и принадлежности устройств на жидких кристаллах, лазеров (кроме лазерных диодов), прочих оптических приборов и инструментов, не включенных в другие группировки26.70.25.000: Части и принадлежности устройств на жидких кристаллах, лазеров (кроме лазерных диодов), прочих оптических приборов и инструментов, не включенных в другие группировки26.70.25.000: Части и принадлежности устройств на жидких кристаллах, лазеров (кроме лазерных диодов), прочих оптических приборов и инструментов, не включенных в другие группировки26.70.25.000: Части и принадлежности устройств на жидких кристаллах, лазеров (кроме лазерных диодов), прочих оптических приборов и инструментов, не включенных в другие группировки26.70.25.000: Части и принадлежности устройств на жидких кристаллах, лазеров (кроме лазерных диодов), прочих оптических приборов и инструментов, не включенных в другие группировки26.70.25.000: Части и принадлежности устройств на жидких кристаллах, лазеров (кроме лазерных диодов), прочих оптических приборов и инструментов, не включенных в другие группировки;МИНИСТЕРСТВО ЭКОНОМИКИ УДМУРТСКОЙ РЕСПУБЛИКИ;01.02.2016;01.02.2016;Подача заявок;;01.02.2016;09.02.2016
№ 44-ФЗ;№0339300059816000003;Электронный аукцион;Оказание услуг по физической охране объектов муниципального недвижимого имущества, расположенных по адресу: Кемеровская область, г. Белово, ул. Доватора, 4А, ул. Энгельса, 18, ул. Добролюбова, 27, пгт. Новый городок, ул. Гастелло, 2, пгт. Грамотеино, ул. Светлая, 2;;;1170000.00;RUB;;;80.10.12.000: Услуги охраны;"МУНИЦИПАЛЬНОЕ УЧРЕЖДЕНИЕ ""КОМИТЕТ ПО ЗЕМЕЛЬНЫМ РЕСУРСАМ И МУНИЦИПАЛЬНОМУ ИМУЩЕСТВУ ГОРОДА БЕЛОВО""";01.02.2016;01.02.2016;Подача заявок;Субъектам малого предпринимательства и социально ориентированным некоммерческим организациям (в соответствии со Статьей 30 Федерального закона № 44-ФЗ);01.02.2016;09.02.2016
№ 44-ФЗ;№0862300027016000058;Электронный аукцион;Установка пешеходных ограждений перильного типа на светофорном объекте по ул. Буденного-Ватутина в г. Североуральске. ;;;849790.00;RUB;;;43.29.12.110: Работы по установке оград, заборов, защитных перильных и аналогичных ограждений;УПРАВЛЕНИЕ ПО РАЗМЕЩЕНИЮ МУНИЦИПАЛЬНЫХ ЗАКАЗОВ АДМИНИСТРАЦИИ СЕВЕРОУРАЛЬСКОГО ГОРОДСКОГО ОКРУГА;01.02.2016;01.02.2016;Подача заявок;;01.02.2016;15.02.2016
№ 44-ФЗ;№0334100026016000006;Запрос котировок;Поставка судовых светильников и комплектующих к ним;;;14000.00;RUB;;;27.40.39.110: Светильники прочие, не включенные в другие группировки;Федеральное государственное бюджетное учреждение науки Лимнологический институт Сибирского отделения Российской академии наук;01.02.2016;01.02.2016;Подача заявок;;08.02.2016;08.02.2016
№ 44-ФЗ;№0169200000816000028;Электронный аукцион;Поставка светильников растровых накладных, ламп люминесцентных, стартеров;;;51224.40;RUB;;;27.40.39.110: Светильники прочие, не включенные в другие группировки27.40.14.000: Лампы накаливания прочие, не включенные в другие группировки27.90.40.190: Оборудование электрическое прочее, не включенное в другие группировки;УПРАВЛЕНИЕ ДЕЛАМИ ГУБЕРНАТОРА И ПРАВИТЕЛЬСТВА ЧЕЛЯБИНСКОЙ ОБЛАСТИ;01.02.2016;01.02.2016;Подача заявок;Субъектам малого предпринимательства и социально ориентированным некоммерческим организациям (в соответствии со Статьей 30 Федерального закона № 44-ФЗ);01.02.2016;10.02.2016
№ 44-ФЗ;№0366100011716000010;Электронный аукцион;"Поставка осветительного оборудования для новой экспозиции музейного комплекса ""Поле Куликовской  битвы"" в деревне Моховое Куркинского района Тульской  области";;;9816173.00;RUB;;;27.40.39.110: Светильники прочие, не включенные в другие группировки;"ФЕДЕРАЛЬНОЕ ГОСУДАРСТВЕННОЕ БЮДЖЕТНОЕ УЧРЕЖДЕНИЕ КУЛЬТУРЫ ""ГОСУДАРСТВЕННЫЙ ВОЕННО-ИСТОРИЧЕСКИЙ И ПРИРОДНЫЙ МУЗЕЙ-ЗАПОВЕДНИК ""КУЛИКОВО ПОЛЕ""";01.02.2016;01.02.2016;Подача заявок;"Участникам, заявки или окончательные предложения которых содержат предложения о поставке товаров в соответствии с приказом Минэкономразвития России № 155 от 25.03.2014 - 15%; Субъектам малого предпринимательства и социально ориентированным некоммерческим организациям (в соответствии со Статьей 30 Федерального закона № 44-ФЗ)";01.02.2016;24.02.2016
№ 223-ФЗ;№31603267418;Запрос котировок;Запрос котировок цен на поставку светильников светодиодных для нужд АО «Концерн «Океанприбор»  ;1;"Поставка светильников светодиодных для нужд АО ""Концерн ""Океанприбор";202825.00;RUB;;;;"АКЦИОНЕРНОЕ ОБЩЕСТВО ""КОНЦЕРН ""ОКЕАНПРИБОР""";01.02.2016;01.02.2016;Подача заявок;;01.02.2016;
№ 223-ФЗ;№31603267261;Запрос предложений покупателя;"Поставка лакокрасочных материалов: эмаль hempel hempadur 15570 красная 50630; эмаль hempel hempadur 15570 св. серая 12430; эмаль hempel hempadur 15570 св.черный 12170; эмаль hempel hempadur 45182 желтый 25150; эмаль Hempathare 55210 Topcaat 00000; эмаль hempel""s A1FOlympic 72950 черный 19990; шпаклевка hempel""s PROFILTER светло-зеленая 49500; растворитель hempel 08080; растворитель hempel 0845";1;"Поставка лакокрасочных материалов: эмаль hempel hempadur 15570 красная 50630; эмаль hempel hempadur 15570 св. серая 12430; эмаль hempel hempadur 15570 св.черный 12170; эмаль hempel hempadur 45182 желтый 25150; эмаль Hempathare 55210 Topcaat 00000; эмаль hempel""s A1FOlympic 72950 черный 19990; шпаклевка hempel""s PROFILTER светло-зеленая 49500; растворитель hempel 08080; растворитель hempel 0845";0.00;RUB;;;;"ОТКРЫТОЕ АКЦИОНЕРНОЕ ОБЩЕСТВО ""33 СУДОРЕМОНТНЫЙ ЗАВОД""";01.02.2016;01.02.2016;Подача заявок;;01.02.2016;
№ 223-ФЗ;№31603267124;Запрос предложений;Выполнение работ по ремонту системы светоограждения антенно-мачтовых сооружений 10 филиалов РТРС.;1;Ремонт СОМ на АМС в 10 филиалах РТРС;32017972.00;RUB;;;;"ФЕДЕРАЛЬНОЕ ГОСУДАРСТВЕННОЕ УНИТАРНОЕ ПРЕДПРИЯТИЕ ""РОССИЙСКАЯ ТЕЛЕВИЗИОННАЯ И РАДИОВЕЩАТЕЛЬНАЯ СЕТЬ""";01.02.2016;01.02.2016;Подача заявок;;01.02.2016;
№ 44-ФЗ;№0373100099516000015;Электронный аукцион;Поставка комплектующих запчастей к осветительным приборам;;;40534.65;RUB;;;27.40.14.000: Лампы накаливания прочие, не включенные в другие группировки;МЕЖРЕГИОНАЛЬНОЕ УПРАВЛЕНИЕ ФЕДЕРАЛЬНОЙ СЛУЖБЫ ПО РЕГУЛИРОВАНИЮ АЛКОГОЛЬНОГО РЫНКА ПО ЦЕНТРАЛЬНОМУ ФЕДЕРАЛЬНОМУ ОКРУГУ;01.02.2016;01.02.2016;Подача заявок;"Участникам, привлекающим Субъекты малого предпринимательства в качестве соисполнителей, субподрядчиков для исполнения контракта, и участникам, привлекающим Социально ориентированные некоммерческие организации в качестве соисполнителей, субподрядчиков для исполнения контракта (в соответствии со Статьей 30 Федерального закона № 44-ФЗ); Субъектам малого предпринимательства и социально ориентированным некоммерческим организациям (в соответствии со Статьей 30 Федерального закона № 44-ФЗ)";01.02.2016;09.02.2016
№ 44-ФЗ;№0321200039216000001;Запрос котировок;Поставка продуктов питания (цыплята бройлеры охлажденные);;;45697.50;RUB;;;10.12.10.110: Мясо кур охлажденное;"ГОСУДАРСТВЕННОЕ БЮДЖЕТНОЕ СТАЦИОНАРНОЕ УЧРЕЖДЕНИЕ СОЦИАЛЬНОГО ОБСЛУЖИВАНИЯ НАСЕЛЕНИЯ ""СВЕТЛОГРАДСКИЙ СПЕЦИАЛЬНЫЙ ДОМ-ИНТЕРНАТ ДЛЯ ПРЕСТАРЕЛЫХ И ИНВАЛИДОВ""";01.02.2016;01.02.2016;Подача заявок;Субъектам малого предпринимательства и социально ориентированным некоммерческим организациям (в соответствии со Статьей 30 Федерального закона № 44-ФЗ);01.02.2016;10.02.2016
№ 223-ФЗ;№31603266051;Открытый запрос ценовых котировок;Открытый запрос ценовых котировок;1;Поставка кабельной продукции;586796.00;RUB;;;;"Открытое акционерное общество ""Югорская территориальная энергетическая компания -Югорск""";01.02.2016;01.02.2016;Работа комиссии;;01.02.2016;
№ 223-ФЗ;№31603266051;Открытый запрос ценовых котировок;Открытый запрос ценовых котировок;3;Поставка изоляторов ;262442.00;RUB;;;;"Открытое акционерное общество ""Югорская территориальная энергетическая компания -Югорск""";01.02.2016;01.02.2016;Работа комиссии;;01.02.2016;
№ 223-ФЗ;№31603266051;Открытый запрос ценовых котировок;Открытый запрос ценовых котировок;4;Поставка металлопроката;330252.00;RUB;;;;"Открытое акционерное общество ""Югорская территориальная энергетическая компания -Югорск""";01.02.2016;01.02.2016;Работа комиссии;;01.02.2016;
№ 223-ФЗ;№31603266051;Открытый запрос ценовых котировок;Открытый запрос ценовых котировок;5;Поставка разъединителей;109139.00;RUB;;;;"Открытое акционерное общество ""Югорская территориальная энергетическая компания -Югорск""";01.02.2016;01.02.2016;Работа комиссии;;01.02.2016;
№ 223-ФЗ;№31603266051;Открытый запрос ценовых котировок;Открытый запрос ценовых котировок;6;Поставка кабельной арматуры;275344.00;RUB;;;;"Открытое акционерное общество ""Югорская территориальная энергетическая компания -Югорск""";01.02.2016;01.02.2016;Работа комиссии;;01.02.2016;
№ 223-ФЗ;№31603266051;Открытый запрос ценовых котировок;Открытый запрос ценовых котировок;7;Поставка выключателей автоматических;885287.00;RUB;;;;"Открытое акционерное общество ""Югорская территориальная энергетическая компания -Югорск""";01.02.2016;01.02.2016;Работа комиссии;;01.02.2016;
№ 223-ФЗ;№31603266051;Открытый запрос ценовых котировок;Открытый запрос ценовых котировок;8;Поставка светильников;326685.00;RUB;;;;"Открытое акционерное общество ""Югорская территориальная энергетическая компания -Югорск""";01.02.2016;01.02.2016;Работа комиссии;;01.02.2016;
№ 223-ФЗ;№31603266051;Открытый запрос ценовых котировок;Открытый запрос ценовых котировок;9;Поставка ламп газоразрядных;712031.00;RUB;;;;"Открытое акционерное общество ""Югорская территориальная энергетическая компания -Югорск""";01.02.2016;01.02.2016;Работа комиссии;;01.02.2016;
№ 223-ФЗ;№31603266051;Открытый запрос ценовых котировок;Открытый запрос ценовых котировок;10;Поставка ламп накаливания;280000.00;RUB;;;;"Открытое акционерное общество ""Югорская территориальная энергетическая компания -Югорск""";01.02.2016;01.02.2016;Работа комиссии;;01.02.2016;
№ 44-ФЗ;№0335300039816000009;Запрос котировок;"Оказание услуг по сопровождению (обновлению) Электронного периодического справочника ""Система ГАРАНТ"" для нужд администрации МО ""Светловский городской округ""";;;63684.13;RUB;;;63.11.19.000: Услуги прочие по размещению и предоставлению инфраструктуры информационных технологий;"Администрация муниципального образования ""Светловский городской округ""";01.02.2016;01.02.2016;Подача заявок;Субъектам малого предпринимательства и социально ориентированным некоммерческим организациям (в соответствии со Статьей 30 Федерального закона № 44-ФЗ);02.02.2016;08.02.2016
№ 44-ФЗ;№0372200003516000007;Электронный аукцион;Поставка светильников светодиодных;;;2125333.33;RUB;;;27.40.39.190: Арматура осветительная прочая, не включенная в другие группировки27.40.39.190: Арматура осветительная прочая, не включенная в другие группировки27.40.39.190: Арматура осветительная прочая, не включенная в другие группировки27.40.39.190: Арматура осветительная прочая, не включенная в другие группировки27.40.39.190: Арматура осветительная прочая, не включенная в другие группировки;"САНКТ-ПЕТЕРБУРГСКОЕ ГОСУДАРСТВЕННОЕ БЮДЖЕТНОЕ СТАЦИОНАРНОЕ УЧРЕЖДЕНИЕ СОЦИАЛЬНОГО ОБСЛУЖИВАНИЯ ""ПСИХОНЕВРОЛОГИЧЕСКИЙ ИНТЕРНАТ № 9""";01.02.2016;01.02.2016;Подача заявок;"Участникам, заявки или окончательные предложения которых содержат предложения о поставке товаров в соответствии с приказом Минэкономразвития России № 155 от 25.03.2014 - 15%; Субъектам малого предпринимательства и социально ориентированным некоммерческим организациям (в соответствии со Статьей 30 Федерального закона № 44-ФЗ)";01.02.2016;09.02.2016
№ 223-ФЗ;№31603266810;ЕСТП: Запрос котировок в электронной форме;Поставка материалов для текущего ремонта и технического обслуживания  сетей наружного освещения (светильники и лампы) г. Липецка;1;светильники и лампы;1638699.84;RUB;;;;"Муниципальное казенное предприятие ""Липецкгорсвет""";01.02.2016;01.02.2016;Подача заявок;;01.02.2016;
№ 44-ФЗ;№0335300041116000006;Запрос котировок;На право заключение контракта на поставку зимних автошин;;;29500.00;RUB;;;22.11.13.110: Шины и покрышки пневматические для автобусов, троллейбусов и грузовых автомобилей новые;"ГОСУДАРСТВЕННОЕ БЮДЖЕТНОЕ УЧРЕЖДЕНИЕ ЗДРАВООХРАНЕНИЯ КАЛИНИНГРАДСКОЙ ОБЛАСТИ ""СВЕТЛОВСКАЯ ЦЕНТРАЛЬНАЯ ГОРОДСКАЯ БОЛЬНИЦА""";01.02.2016;01.02.2016;Подача заявок;;01.02.2016;08.02.2016
№ 44-ФЗ;№0332300225616000002;Запрос котировок;Поставка ламп и светильников;;;47380.75;RUB;;;22.29.24.000: Части ламп и осветительной арматуры, световых указателей и аналогичных изделий пластмассовые;"ГОСУДАРСТВЕННОЕ БЮДЖЕТНОЕ УЧРЕЖДЕНИЕ ЗДРАВООХРАНЕНИЯ НИЖЕГОРОДСКОЙ ОБЛАСТИ ""КНЯГИНИНСКАЯ ЦЕНТРАЛЬНАЯ РАЙОННАЯ БОЛЬНИЦА""";01.02.2016;01.02.2016;Подача заявок;Субъектам малого предпринимательства и социально ориентированным некоммерческим организациям (в соответствии со Статьей 30 Федерального закона № 44-ФЗ);02.02.2016;09.02.2016
№ 223-ФЗ;№31603265258;Закупка у единственного поставщика (исполнителя, подрядчика);Оказание услуг по передаче электрической энергии на светофорные объекты улично-дорожной сети города Омска.;1;Оказание услуг по передаче электрической энергии на светофорные объекты.;0.00;RUB;;;;"муниципальное предприятие города Омска ""Транссигнал""";01.02.2016;01.02.2016;Работа комиссии;;;
№ 223-ФЗ;№31603266439;Закупка у единственного поставщика (исполнителя, подрядчика);Закупка бланков;1;Закупка бланков;196300.00;RUB;;;;"БЮДЖЕТНОЕ УЧРЕЖДЕНИЕ ЧУВАШСКОЙ РЕСПУБЛИКИ ""ЧУВАШСКАЯ РЕСПУБЛИКАНСКАЯ СТАНЦИЯ ПО БОРЬБЕ С БОЛЕЗНЯМИ ЖИВОТНЫХ"" ГОСУДАРСТВЕННОЙ ВЕТЕРИНАРНОЙ СЛУЖБЫ ЧУВАШСКОЙ РЕСПУБЛИКИ";01.02.2016;01.02.2016;Работа комиссии;;;
№ 223-ФЗ;№31603266425;Закупка у единственного поставщика (исполнителя, подрядчика);Закупка бланков;1;Закупка бланков;190100.00;RUB;;;;"БЮДЖЕТНОЕ УЧРЕЖДЕНИЕ ЧУВАШСКОЙ РЕСПУБЛИКИ ""ЧУВАШСКАЯ РЕСПУБЛИКАНСКАЯ СТАНЦИЯ ПО БОРЬБЕ С БОЛЕЗНЯМИ ЖИВОТНЫХ"" ГОСУДАРСТВЕННОЙ ВЕТЕРИНАРНОЙ СЛУЖБЫ ЧУВАШСКОЙ РЕСПУБЛИКИ";01.02.2016;01.02.2016;Работа комиссии;;;
№ 44-ФЗ;№0134200000116000079;Электронный аукцион;Поставка осветительного оборудования;;;496856.99;RUB;;;27.40.11.000: Лампы герметичные узконаправленного света27.40.14.000: Лампы накаливания прочие, не включенные в другие группировки27.40.15.120: Лампы ультрафиолетовые27.40.14.000: Лампы накаливания прочие, не включенные в другие группировки27.40.14.000: Лампы накаливания прочие, не включенные в другие группировки27.40.11.000: Лампы герметичные узконаправленного света27.40.14.000: Лампы накаливания прочие, не включенные в другие группировки27.40.11.000: Лампы герметичные узконаправленного света27.40.14.000: Лампы накаливания прочие, не включенные в другие группировки27.40.14.000: Лампы накаливания прочие, не включенные в другие группировки27.40.14.000: Лампы накаливания прочие, не включенные в другие группировки27.40.14.000: Лампы накаливания прочие, не включенные в другие группировки27.90.40.190: Оборудование электрическое прочее, не включенное в другие группировки27.40.11.000: Лампы герметичные узконаправленного света27.40.11.000: Лампы герметичные узконаправленного света27.40.13.000: Лампы накаливания мощностью 100-200 Вт, не включенные в другие группировки27.40.14.000: Лампы накаливания прочие, не включенные в другие группировки27.40.12.000: Лампы накаливания галогенные с вольфрамовой нитью, кроме ультрафиолетовых или инфракрасных ламп27.40.14.000: Лампы накаливания прочие, не включенные в другие группировки27.40.14.000: Лампы накаливания прочие, не включенные в другие группировки27.40.14.000: Лампы накаливания прочие, не включенные в другие группировки27.40.12.000: Лампы накаливания галогенные с вольфрамовой нитью, кроме ультрафиолетовых или инфракрасных ламп27.40.14.000: Лампы накаливания прочие, не включенные в другие группировки;МИНИСТЕРСТВО ПО РЕГУЛИРОВАНИЮ КОНТРАКТНОЙ СИСТЕМЫ В СФЕРЕ ЗАКУПОК ИРКУТСКОЙ ОБЛАСТИ;01.02.2016;01.02.2016;Подача заявок;Субъектам малого предпринимательства и социально ориентированным некоммерческим организациям (в соответствии со Статьей 30 Федерального закона № 44-ФЗ);01.02.2016;09.02.2016
№ 223-ФЗ;№31603265134;СБ-АСТ: Открытый запрос котировок в электронной форме;Поставка прибора для светотерапии Биоптрон ПРО 1 с напольной стойкой или эквивалент.;1;Прибор для светотерапии Биоптрон ПРО 1 с напольной стойкой;328026.66;RUB;;;;"Закрытое акционерное общество ""Сбербанк-Автоматизированная система торгов""";01.02.2016;01.02.2016;Подача заявок;;01.02.2016;
№ 44-ФЗ;№0354200013116000014;Электронный аукцион;Закупка ламп ксеноновых для источника света Karl Storz Xenon 3000;;;70425.00;RUB;;;26.60.12.140: Части и принадлежности электродиагностической аппаратуры и аппаратуры, основанной на использовании ультрафиолетового или инфракрасного излучения, предназначенной для применения в медицинских целях;"бюджетное учреждение здравоохранения Орловской области ""Орловский перинатальный центр""";01.02.2016;01.02.2016;Подача заявок;;01.02.2016;10.02.2016
№ 223-ФЗ;№31603264609;Запрос котировок;"Оказание организации работ оперативного штаба, транспорта. Организация и проведение ""Звездной дорожки"", световое и звуковое обеспечение торжественных церемоний открытия и закрытия Международного фестиваля кинематографических дебютов ""Дух огня""";1;"Оказание организации работ оперативного штаба, транспорта. Организация и проведение ""Звездной дорожки"", световое и звуковое обеспечение торжественных церемоний открытия и закрытия Международного фестиваля кинематографических дебютов  ""Дух  огн""";2957000.00;RUB;;;;"автономное учреждение Ханты-Мансийского автономного округа - Югры ""Югорский кинопрокат""";01.02.2016;01.02.2016;Подача заявок;;01.02.2016;
№ 44-ФЗ;№0372200204316000007;Электронный аукцион;Поставка светильников для нужд СПб ГБУК ГБСС;;;57750.00;RUB;;;27.40.15.114: Лампы люминесцентные;"Санкт-Петербургское государственное бюджетное учреждение культуры ""Государственная библиотека для слепых и слабовидящих""";01.02.2016;01.02.2016;Подача заявок;Организациям инвалидов (в соответствии со Статьей 29 Федерального закона № 44-ФЗ) - 10%;01.02.2016;08.02.2016
№ 44-ФЗ;№0335300041116000005;Электронный аукцион;На право заключения контракта на поставку изделий медицинского назначения (наборы и реагенты для лаборатории);;;490622.84;RUB;;;20.59.52.199: Реагенты сложные диагностические или лабораторные прочие, не включенные в другие группировки;"ГОСУДАРСТВЕННОЕ БЮДЖЕТНОЕ УЧРЕЖДЕНИЕ ЗДРАВООХРАНЕНИЯ КАЛИНИНГРАДСКОЙ ОБЛАСТИ ""СВЕТЛОВСКАЯ ЦЕНТРАЛЬНАЯ ГОРОДСКАЯ БОЛЬНИЦА""";01.02.2016;01.02.2016;Подача заявок;"Участникам, заявки или окончательные предложения которых содержат предложения о поставке товаров в соответствии с приказом Минэкономразвития России № 155 от 25.03.2014 - 15%; Субъектам малого предпринимательства и социально ориентированным некоммерческим организациям (в соответствии со Статьей 30 Федерального закона № 44-ФЗ)";01.02.2016;08.02.2016
№ 223-ФЗ;№31603265320;Сложная неконкурентная процедура закупки;Закупка светодиодов  SZ8-Y19-W0-C7(W3C1G);1;Закупка светодиодов SZ8-Y19-W0-C7(W3C1G);2160.00;USD;;;;"ОБЩЕСТВО С ОГРАНИЧЕННОЙ ОТВЕТСТВЕННОСТЬЮ ""РУСАЛОКС""";01.02.2016;01.02.2016;Подача заявок;;01.02.2016;
№ 223-ФЗ;№31603265159;Запрос котировок;Поставка светодиодных светильников для цехового помещения и уличного освещения, проведение демонтажа старых и установку новых светильников в цеховых помещениях, а так же проведение демонтажа старых и установку новых светильников уличного освещения;1;Поставка светодиодных светильников для цехового помещения и уличного освещения, проведение демонтажа старых и установку новых светильников в цеховых помещениях, а так же проведение демонтажа старых и установку новых светильников уличного освещения;2842134.54;RUB;;;;"Общество с ограниченной ответственностью ""ЭТП""";01.02.2016;01.02.2016;Подача заявок;;01.02.2016;
№ 223-ФЗ;№31603263994;Открытый запрос коммерческих предложений;Проведение оценки соответствия объекта Светлинская ГЭС требованиям пожарной безопасности, независимая оценка пожарного риска(аудит пожарной безопасности). ;1;Проведение аудита пожарной безопасности станции;1734600.00;RUB;;;;"Открытое акционерное общество ""Вилюйская ГЭС-3""";01.02.2016;01.02.2016;Подача заявок;;01.02.2016;
№ 44-ФЗ;№0358300068416000020;Электронный аукцион;Оказание услуг по проведению испытаний пожарных лестниц зданий МБУЗ Род-Несветайского района «ЦРБ»;;;6601.34;RUB;;;71.20.19.190: Услуги по техническим испытаниям и анализу прочие, не включенные в другие группировки71.20.19.190: Услуги по техническим испытаниям и анализу прочие, не включенные в другие группировки;"МУНИЦИПАЛЬНОЕ БЮДЖЕТНОЕ УЧРЕЖДЕНИЕ ЗДРАВООХРАНЕНИЯ РОДИОНОВО-НЕСВЕТАЙСКОГО РАЙОНА ""ЦЕНТРАЛЬНАЯ РАЙОННАЯ БОЛЬНИЦА""";01.02.2016;01.02.2016;Подача заявок;;01.02.2016;15.02.2016
№ 44-ФЗ;№0362200060516000005;Запрос котировок;Оказание услуги по замене адаптера налобного осветителя;;;23789.00;RUB;;;33.13.12.000: Услуги по ремонту и техническому обслуживанию облучающего, электрического диагностического и электрического терапевтического оборудования, применяемого в медицинских целях;"ГОСУДАРСТВЕННОЕ БЮДЖЕТНОЕ УЧРЕЖДЕНИЕ ЗДРАВООХРАНЕНИЯ  СВЕРДЛОВСКОЙ ОБЛАСТИ ДЕТСКАЯ КЛИНИЧЕСКАЯ БОЛЬНИЦА ВОССТАНОВИТЕЛЬНОГО ЛЕЧЕНИЯ ""НАУЧНО-ПРАКТИЧЕСКИЙ ЦЕНТР ""БОНУМ""";01.02.2016;01.02.2016;Подача заявок;;01.02.2016;08.02.2016
№ 44-ФЗ;№0143300001616000008;Электронный аукцион;Поставка овощей на март, апрель, май 2016 года.;;;1718050.20;RUB;;;01.13.12.120: Капуста белокочанная01.13.41.110: Морковь столовая01.13.51.110: Картофель столовый ранний01.13.49.110: Свекла столовая01.13.43.110: Лук репчатый;Администрация города Шадринска;01.02.2016;01.02.2016;Подача заявок;"Субъектам малого предпринимательства и социально ориентированным некоммерческим организациям (в соответствии со Статьей 30 Федерального закона № 44-ФЗ); Участникам, заявки или окончательные предложения которых содержат предложения о поставке товаров в соответствии с приказом Минэкономразвития России № 155 от 25.03.2014 - 15%";01.02.2016;09.02.2016
№ 44-ФЗ;№0335300041116000004;Электронный аукцион;На право заключения контракта на поставку изделий медицинского назначения (наборы и реагенты для лаборатории);;;475205.60;RUB;;;20.59.52.199: Реагенты сложные диагностические или лабораторные прочие, не включенные в другие группировки;"ГОСУДАРСТВЕННОЕ БЮДЖЕТНОЕ УЧРЕЖДЕНИЕ ЗДРАВООХРАНЕНИЯ КАЛИНИНГРАДСКОЙ ОБЛАСТИ ""СВЕТЛОВСКАЯ ЦЕНТРАЛЬНАЯ ГОРОДСКАЯ БОЛЬНИЦА""";01.02.2016;01.02.2016;Подача заявок;"Субъектам малого предпринимательства и социально ориентированным некоммерческим организациям (в соответствии со Статьей 30 Федерального закона № 44-ФЗ); Участникам, заявки или окончательные предложения которых содержат предложения о поставке товаров в соответствии с приказом Минэкономразвития России № 155 от 25.03.2014 - 15%";01.02.2016;08.02.2016
№ 44-ФЗ;№0143300001616000007;Электронный аукцион;Закупка мяса, мяса птицы, субпродуктов на март, апрель, май 2016 года;;;5588684.79;RUB;;;10.12.10.110: Мясо кур охлажденное10.11.11.110: Говядина парная, остывшая или охлажденная10.11.20.170: Субпродукты пищевые парные, остывшие или охлажденные для детского питания;Администрация города Шадринска;01.02.2016;01.02.2016;Подача заявок;Субъектам малого предпринимательства и социально ориентированным некоммерческим организациям (в соответствии со Статьей 30 Федерального закона № 44-ФЗ);01.02.2016;17.02.2016
№ 44-ФЗ;№0358200039816000020;Запрос котировок;Поставка электрических ламп и светильников;;;435097.75;RUB;;;27.40.15.119: Лампы газоразрядные прочие27.40.15.114: Лампы люминесцентные27.40.15.119: Лампы газоразрядные прочие27.40.15.119: Лампы газоразрядные прочие27.40.25.120: Устройства осветительные электрические подвесные и настенные прочие27.40.42.000: Части светильников и осветительных устройств27.40.14.000: Лампы накаливания прочие, не включенные в другие группировки27.40.15.120: Лампы ультрафиолетовые27.40.25.120: Устройства осветительные электрические подвесные и настенные прочие27.40.15.114: Лампы люминесцентные27.40.25.120: Устройства осветительные электрические подвесные и настенные прочие27.40.42.000: Части светильников и осветительных устройств27.40.15.119: Лампы газоразрядные прочие27.40.15.111: Лампы ртутные высокого давления;"ГОСУДАРСТВЕННОЕ БЮДЖЕТНОЕ УЧРЕЖДЕНИЕ  РОСТОВСКОЙ ОБЛАСТИ ""СПЕЦИАЛИЗИРОВАННАЯ ТУБЕРКУЛЕЗНАЯ БОЛЬНИЦА""";01.02.2016;01.02.2016;Подача заявок;Участникам, заявки или окончательные предложения которых содержат предложения о поставке товаров в соответствии с приказом Минэкономразвития России № 155 от 25.03.2014 - 15%;01.02.2016;11.02.2016
№ 223-ФЗ;№31603263905;Закупка у единственного поставщика (исполнителя, подрядчика);Изготовление и доставка бланков ветеринарных сопроводительных документов.;1;Изготовление и доставка бланков ветеринарных сопроводительных документов.;480400.00;RUB;"2219123: Бланки форм учетной и отчетной документации; 2219123: Бланки форм учетной и отчетной документации; 2219123: Бланки форм учетной и отчетной документации; 2219123: Бланки форм учетной и отчетной документации";;;"ГОСУДАРСТВЕННОЕ БЮДЖЕТНОЕ УЧРЕЖДЕНИЕ НИЖЕГОРОДСКОЙ ОБЛАСТИ ""ГОСУДАРСТВЕННОЕ ВЕТЕРИНАРНОЕ УПРАВЛЕНИЕ БОГОРОДСКОГО РАЙОНА""";31.01.2016;31.01.2016;Работа комиссии;;;
№ 223-ФЗ;№31603263880;Открытый запрос предложений в электронном виде;Лот №40-ПМУВО-01.2016 Организация проведения предрейсовых и послерейсовых медицинских осмотров водителей транспортных средств отряда Просвет филиала ООО «Транснефть-Охрана» Приволжское МУВО;1;Лот №40-ПМУВО-01.2016 Организация проведения предрейсовых и послерейсовых медицинских осмотров водителей транспортных средств отряда Просвет филиала ООО «Транснефть-Охрана» Приволжское МУВО;473824.00;RUB;;;;"ОБЩЕСТВО С ОГРАНИЧЕННОЙ ОТВЕТСТВЕННОСТЬЮ ""ТРАНСНЕФТЬ-ОХРАНА""";31.01.2016;31.01.2016;Подача заявок;;31.01.2016;
№ 44-ФЗ;№0819300038016000004;Электронный аукцион;Поставка продуктов питания: овощи свежие;;;2557638.50;RUB;;;01.13.49.110: Свекла столовая01.13.12.120: Капуста белокочанная01.13.51.110: Картофель столовый ранний01.13.43.110: Лук репчатый01.13.41.110: Морковь столовая;"МУНИЦИПАЛЬНОЕ КАЗЕННОЕ УЧРЕЖДЕНИЕ ""ЦЕНТР МУНИЦИПАЛЬНЫХ ЗАКУПОК И ПОДДЕРЖКИ ПРЕДПРИНИМАТЕЛЬСТВА""";31.01.2016;31.01.2016;Подача заявок;;31.01.2016;08.02.2016
№ 44-ФЗ;№0819300038016000003;Электронный аукцион;Поставка продуктов питания: крупы, фасоль, мука пшеничная, дрожжи, крахмал картофельный, сахар-песок, лавровый лист, овощи сушеные (смесь кореньев), сода пищевая, соль, горох шлифованный колотый, вермишель, рожки;;;2484881.66;RUB;;;10.89.13.111: Дрожжи хлебопекарные прессованные10.62.11.110: Крахмалы10.81.12.110: Сахар белый свекловичный в твердом состоянии без вкусоароматических или красящих добавок10.84.23.120: Пряности обработанные прочие10.39.13.000: Овощи (кроме картофеля) и грибы сушеные20.13.43.119: Сода кальцинированная прочая08.93.10.114: Соль выварочная01.11.75.110: Зерно гороха10.61.32.111: Крупа овсяная10.73.11.150: Рожки10.73.11.120: Вермишель10.61.32.113: Крупа гречневая10.61.31.120: Мука грубого помола из пшеницы01.11.71.110: Зерно фасоли10.61.21.000: Мука пшеничная и пшенично-ржаная10.61.32.116: Крупа перловая10.61.31.110: Крупа из пшеницы10.61.32.114: Пшено10.61.12.000: Рис полуобрушенный или полностью обрушенный, или дробленый10.61.32.115: Крупа ячневая;"МУНИЦИПАЛЬНОЕ КАЗЕННОЕ УЧРЕЖДЕНИЕ ""ЦЕНТР МУНИЦИПАЛЬНЫХ ЗАКУПОК И ПОДДЕРЖКИ ПРЕДПРИНИМАТЕЛЬСТВА""";31.01.2016;31.01.2016;Подача заявок;;31.01.2016;08.02.2016
№ 223-ФЗ;№31603263716;Запрос котировок;Поставка деталей контактной сети;1;Поставка деталей контактной сети;274525.90;RUB;;;;"муниципальное казенное предприятие муниципального образования город Тула ""Тулагорсвет""";31.01.2016;31.01.2016;Подача заявок;;31.01.2016;
№ 223-ФЗ;№31603263715;Открытый запрос цен в электронной форме;Право заключения договора на поставку изделий светотехнических;1;Право заключения договора на поставку изделий светотехнических;4314108.38;RUB;;;;"Филиал ОАО""Концерн РОсэнергоатом"" ""Смоленская атомная станция"" ""Смоленская атомная станция""";31.01.2016;31.01.2016;Подача заявок;;31.01.2016;
№ 44-ФЗ;№0140300004616000004;Электронный аукцион;Выполнение работ по содержанию светофорных объектов города Слободского, 3 объекта (без стоимости  электроэнергии).;;;291641.00;RUB;;;43.21.10.290: Работы электромонтажные прочие, не включенные в другие группировки;"Муниципальное казенное учреждение ""Администрация города Слободского Кировской области""";31.01.2016;31.01.2016;Подача заявок;Субъектам малого предпринимательства и социально ориентированным некоммерческим организациям (в соответствии со Статьей 30 Федерального закона № 44-ФЗ);31.01.2016;09.02.2016
№ 223-ФЗ;№31603263599;Запрос котировок;"Поставка дисков с антибиотиками для нужд Филиала ФБУЗ ""Центр гигиены и эпидемиологии в Оренбургской области в городе Орске, Домбаровском районе, городе Новотроицке, Светлинском районе, городе Ясном, Ясненском районе"" в 2016 году";1;"Поставка дисков с антибиотиками для нужд Орского филиала ФБУЗ ""Центр гигиены и эпидемиологии в Оренбургской области"" ";76987.71;RUB;;;;"ФЕДЕРАЛЬНОЕ БЮДЖЕТНОЕ УЧРЕЖДЕНИЕ ЗДРАВООХРАНЕНИЯ ""ЦЕНТР ГИГИЕНЫ И ЭПИДЕМИОЛОГИИ В ОРЕНБУРГСКОЙ ОБЛАСТИ""";31.01.2016;31.01.2016;Подача заявок;;31.01.2016;
№ 223-ФЗ;№31603263584;Запрос котировок;Поставка оборудования для отбора образцов;1;"Поставка оборудования для отбора образцов для нужд Филиала ФБУЗ ""Центр гигиены и эпидемиологии в Оренбургской области в городе Орске, Домбаровском районе, городе Новотроицке, Светлинском районе, городе Ясном, Ясненском районе"" ";46489.89;RUB;;;;"ФЕДЕРАЛЬНОЕ БЮДЖЕТНОЕ УЧРЕЖДЕНИЕ ЗДРАВООХРАНЕНИЯ ""ЦЕНТР ГИГИЕНЫ И ЭПИДЕМИОЛОГИИ В ОРЕНБУРГСКОЙ ОБЛАСТИ""";31.01.2016;31.01.2016;Подача заявок;;31.01.2016;
№ 44-ФЗ;№0825100001216000009;Электронный аукцион;Оказание услуг по перевалке, хранению и отпуску светлых нефтепродуктов для нужд ФКУ ЦХ и СО УМВД России по Астраханской области», в рамках государственного оборонного заказа;;;470949.00;RUB;;;52.10.19.000: Услуги по складированию и хранению прочие49.20.12.000: Услуги железнодорожного транспорта по перевозке нефтепродуктов в вагонах-цистернах52.10.12.110: Услуги по хранению и складированию нефти и продуктов ее переработки;"ФЕДЕРАЛЬНОЕ КАЗЕННОЕ УЧРЕЖДЕНИЕ ""ЦЕНТР ХОЗЯЙСТВЕННОГО И СЕРВИСНОГО ОБЕСПЕЧЕНИЯ УПРАВЛЕНИЯ МИНИСТЕРСТВА ВНУТРЕННИХ ДЕЛ РОССИЙСКОЙ ФЕДЕРАЦИИ ПО АСТРАХАНСКОЙ ОБЛАСТИ""";31.01.2016;31.01.2016;Подача заявок;;31.01.2016;08.02.2016

Размещение выполняется по;Реестровый номер закупки (заказа);Способ размещения закупки (заказа)\определения поставщика;Наименование заказа\закупки;Номер лота;Наименование лота;Начальная (максимальная) цена контракта (лота)\договора;Код валюты;Классификация по ОКДП;Классификация по ОКПД;Классификация по ОКПД2;Организация, размещающая заказ;Дата размещения;Дата последнего события;Этап закупки (размещения заказа);Особенности размещения заказа\ Преимущества (44);Дата начала подачи заявок;Дата окончания подачи заявок
№ 44-ФЗ;№0165300003416000001;Запрос котировок;Поставка светодиодных панелей для нужд Администрации Колпашевского городского поселения;;;171695.44;RUB;;;27.40.2: Светильники и осветительные устройства;АДМИНИСТРАЦИЯ КОЛПАШЕВСКОГО ГОРОДСКОГО ПОСЕЛЕНИЯ;01.02.2016;01.02.2016;Подача заявок;Субъектам малого предпринимательства и социально ориентированным некоммерческим организациям (в соответствии со Статьей 30 Федерального закона № 44-ФЗ);01.02.2016;08.02.2016
№ 44-ФЗ;№0187300004616000001;Запрос котировок;Поставка  светодиодных накладных и встраиваемых светильников для нужд администрации Советского района;;;45081.60;RUB;;;27.40.39.110: Светильники прочие, не включенные в другие группировки;АДМИНИСТРАЦИЯ СОВЕТСКОГО РАЙОНА;01.02.2016;01.02.2016;Подача заявок;Участникам, заявки или окончательные предложения которых содержат предложения о поставке товаров в соответствии с приказом Минэкономразвития России № 155 от 25.03.2014 - 15%;01.02.2016;08.02.2016
№ 44-ФЗ;№0361300004616000032;Электронный аукцион;"Закупка цветного светодиодного экрана для МБУК РДК ""Октябрь"" УМР";;;3603616.00;RUB;;;26.70.17.150: Экраны проекционные;АДМИНИСТРАЦИЯ УГЛЕГОРСКОГО МУНИЦИПАЛЬНОГО РАЙОНА;01.02.2016;01.02.2016;Подача заявок;Субъектам малого предпринимательства и социально ориентированным некоммерческим организациям (в соответствии со Статьей 30 Федерального закона № 44-ФЗ);01.02.2016;17.02.2016
№ 223-ФЗ;№31603267418;Запрос котировок;Запрос котировок цен на поставку светильников светодиодных для нужд АО «Концерн «Океанприбор»  ;1;"Поставка светильников светодиодных для нужд АО ""Концерн ""Океанприбор";202825.00;RUB;;;;"АКЦИОНЕРНОЕ ОБЩЕСТВО ""КОНЦЕРН ""ОКЕАНПРИБОР""";01.02.2016;01.02.2016;Подача заявок;;01.02.2016;
№ 44-ФЗ;№0372200003516000007;Электронный аукцион;Поставка светильников светодиодных;;;2125333.33;RUB;;;27.40.39.190: Арматура осветительная прочая, не включенная в другие группировки27.40.39.190: Арматура осветительная прочая, не включенная в другие группировки27.40.39.190: Арматура осветительная прочая, не включенная в другие группировки27.40.39.190: Арматура осветительная прочая, не включенная в другие группировки27.40.39.190: Арматура осветительная прочая, не включенная в другие группировки;"САНКТ-ПЕТЕРБУРГСКОЕ ГОСУДАРСТВЕННОЕ БЮДЖЕТНОЕ СТАЦИОНАРНОЕ УЧРЕЖДЕНИЕ СОЦИАЛЬНОГО ОБСЛУЖИВАНИЯ ""ПСИХОНЕВРОЛОГИЧЕСКИЙ ИНТЕРНАТ № 9""";01.02.2016;01.02.2016;Подача заявок;"Участникам, заявки или окончательные предложения которых содержат предложения о поставке товаров в соответствии с приказом Минэкономразвития России № 155 от 25.03.2014 - 15%; Субъектам малого предпринимательства и социально ориентированным некоммерческим организациям (в соответствии со Статьей 30 Федерального закона № 44-ФЗ)";01.02.2016;09.02.2016
№ 223-ФЗ;№31603265320;Сложная неконкурентная процедура закупки;Закупка светодиодов  SZ8-Y19-W0-C7(W3C1G);1;Закупка светодиодов SZ8-Y19-W0-C7(W3C1G);2160.00;USD;;;;"ОБЩЕСТВО С ОГРАНИЧЕННОЙ ОТВЕТСТВЕННОСТЬЮ ""РУСАЛОКС""";01.02.2016;01.02.2016;Подача заявок;;01.02.2016;
№ 223-ФЗ;№31603265159;Запрос котировок;Поставка светодиодных светильников для цехового помещения и уличного освещения, проведение демонтажа старых и установку новых светильников в цеховых помещениях, а так же проведение демонтажа старых и установку новых светильников уличного освещения;1;Поставка светодиодных светильников для цехового помещения и уличного освещения, проведение демонтажа старых и установку новых светильников в цеховых помещениях, а так же проведение демонтажа старых и установку новых светильников уличного освещения;2842134.54;RUB;;;;"Общество с ограниченной ответственностью ""ЭТП""";01.02.2016;01.02.2016;Подача заявок;;01.02.2016;

